<?xml version="1.0" encoding="UTF-8"?>
<project-private xmlns="http://www.netbeans.org/ns/project-private/1">
    <editor-bookmarks xmlns="http://www.netbeans.org/ns/editor-bookmarks/2" lastBookmarkId="0"/>
    <open-files xmlns="http://www.netbeans.org/ns/projectui-open-files/2">
        <group>
            <file>file:/Users/mac/Downloads/Gym%20Management%20System/src/ListOfMembers.java</file>
            <file>file:/Users/mac/Downloads/Gym%20Management%20System/src/login.java</file>
            <file>file:/Users/mac/Downloads/Gym%20Management%20System/src/UpdateDeleteMember.java</file>
            <file>file:/Users/mac/Downloads/Gym%20Management%20System/src/project/ConnectionProvider.java</file>
            <file>file:/Users/mac/Downloads/Gym%20Management%20System/src/Payment.java</file>
            <file>file:/Users/mac/Downloads/Gym%20Management%20System/src/NewMember.java</file>
        </group>
    </open-files>
</project-private>
